address,postal_code,price,dateSold,yearBuilt,lotSize,homeType,rentZestimate,taxAssessedValue,bedrooms,bathrooms,area,latitude,longitude,url,title
"6212 Barb Werner Ln, San Jose, CA 95119",95119,700000.0,Sold 07/11/2019,1996,1000.0,CONDO,3305,346609.0,3,3.0,1252,37.240118,-121.795413,https://www.zillow.com/homedetails/6212-Barb-Werner-Ln-San-Jose-CA-95119/19841842_zpid/,Sold
"308 El Portal Way, San Jose, CA 95119",95119,1100000.0,Sold 07/05/2019,1968,7623.0,SINGLE_FAMILY,4200,318338.0,4,3.0,2365,37.233429,-121.800999,https://www.zillow.com/homedetails/308-El-Portal-Way-San-Jose-CA-95119/19837745_zpid/,Sold
"6556 Radko Dr, San Jose, CA 95119",95119,1240000.0,Sold 07/01/2019,1974,6155.0,SINGLE_FAMILY,3800,887262.0,4,2.0,1791,37.229255,-121.791438,https://www.zillow.com/homedetails/6556-Radko-Dr-San-Jose-CA-95119/19838365_zpid/,Sold
"317 Curie Dr, San Jose, CA 95119",95119,848000.0,Sold 07/01/2019,1968,6303.0,SINGLE_FAMILY,3200,549797.0,2,2.0,1348,37.228035,-121.797304,https://www.zillow.com/homedetails/317-Curie-Dr-San-Jose-CA-95119/19838237_zpid/,Sold
"269 Arbor Valley Dr, San Jose, CA 95119",95119,895000.0,Sold 06/28/2019,1970,6006.0,SINGLE_FAMILY,3600,609298.0,4,2.0,1533,37.226439,-121.785671,https://www.zillow.com/homedetails/269-Arbor-Valley-Dr-San-Jose-CA-95119/19839658_zpid/,Sold
"7013 Heaton Moor Dr, San Jose, CA 95119",95119,940000.0,Sold 06/26/2019,1972,6420.0,SINGLE_FAMILY,3895,311532.0,5,3.0,1926,37.221396,-121.785088,https://www.zillow.com/homedetails/7013-Heaton-Moor-Dr-San-Jose-CA-95119/19839433_zpid/,Sold
"313 Bromley Cross Dr, San Jose, CA 95119",95119,815000.0,Sold 06/25/2019,1970,6155.0,SINGLE_FAMILY,3200,505049.0,3,2.0,1014,37.22235,-121.785174,https://www.zillow.com/homedetails/313-Bromley-Cross-Dr-San-Jose-CA-95119/19839388_zpid/,Sold
"6570 Kaneko Dr, San Jose, CA 95119",95119,893000.0,Sold 06/21/2019,1970,6242.0,SINGLE_FAMILY,3400,716652.0,3,2.0,1137,37.232923,-121.78945,https://www.zillow.com/homedetails/6570-Kaneko-Dr-San-Jose-CA-95119/19839041_zpid/,Sold
"6613 San Anselmo Way, San Jose, CA 95119",95119,1105000.0,Sold 06/19/2019,-1,-1.0,SINGLE_FAMILY,4000,421365.0,,,,37.229691,-121.790915,https://www.zillow.com/homedetails/6613-San-Anselmo-Way-San-Jose-CA-95119/19838393_zpid/,Sold
"6548 Catamaran St, San Jose, CA 95119",95119,831000.0,Sold 06/18/2019,1970,6046.0,SINGLE_FAMILY,3595,188980.0,4,2.0,1408,37.232251,-121.791479,https://www.zillow.com/homedetails/6548-Catamaran-St-San-Jose-CA-95119/19838994_zpid/,Sold
"6782 Endmoor Dr, San Jose, CA 95119",95119,931125.0,Sold 06/14/2019,1972,6146.0,SINGLE_FAMILY,3500,646417.0,4,2.0,1308,37.22537,-121.789656,https://www.zillow.com/homedetails/6782-Endmoor-Dr-San-Jose-CA-95119/19839302_zpid/,Sold
"236 Arbor Valley Dr, San Jose, CA 95119",95119,810000.0,Sold 06/11/2019,1970,6324.0,SINGLE_FAMILY,3290,301168.0,3,2.0,1067,37.226915,-121.783128,https://www.zillow.com/homedetails/236-Arbor-Valley-Dr-San-Jose-CA-95119/19839560_zpid/,Sold
"6563 Kaneko Dr, San Jose, CA 95119",95119,928000.0,Sold 06/10/2019,1970,5662.0,SINGLE_FAMILY,3400,770100.0,3,2.0,1137,37.232541,-121.789827,https://www.zillow.com/homedetails/6563-Kaneko-Dr-San-Jose-CA-95119/19838984_zpid/,Sold
"6580 Pemba Dr, San Jose, CA 95119",95119,800000.0,Sold 06/07/2019,1970,5663.0,SINGLE_FAMILY,3600,790703.0,4,2.0,1601,37.232971,-121.788534,https://www.zillow.com/homedetails/6580-Pemba-Dr-San-Jose-CA-95119/19839005_zpid/,Sold
"275 Los Palmos Way, San Jose, CA 95119",95119,1107000.0,Sold 05/31/2019,1968,6307.0,SINGLE_FAMILY,3800,764725.0,4,2.0,1939,37.235167,-121.798732,https://www.zillow.com/homedetails/275-Los-Palmos-Way-San-Jose-CA-95119/19838791_zpid/,Sold
"6299 Camino Verde Dr, San Jose, CA 95119",95119,1335000.0,Sold 05/29/2019,1972,6695.0,SINGLE_FAMILY,4412,395837.0,5,3.0,2563,37.231496,-121.799153,https://www.zillow.com/homedetails/6299-Camino-Verde-Dr-San-Jose-CA-95119/19837811_zpid/,Sold
"6134 Escondido Ct, San Jose, CA 95119",95119,1100000.0,Sold 05/28/2019,1966,5945.0,SINGLE_FAMILY,3695,369865.0,4,2.0,1715,37.236139,-121.797686,https://www.zillow.com/homedetails/6134-Escondido-Ct-San-Jose-CA-95119/19838826_zpid/,Sold
"309 Burning Tree Dr, San Jose, CA 95119",95119,1170000.0,Sold 05/24/2019,1970,6202.0,SINGLE_FAMILY,4147,728884.0,6,4.0,2447,37.223014,-121.781989,https://www.zillow.com/homedetails/309-Burning-Tree-Dr-San-Jose-CA-95119/19839991_zpid/,Sold
"6958 Del Rio Dr, San Jose, CA 95119",95119,933000.0,Sold 05/17/2019,1970,7444.0,SINGLE_FAMILY,3800,509122.0,5,2.0,2199,37.225979,-121.780633,https://www.zillow.com/homedetails/6958-Del-Rio-Dr-San-Jose-CA-95119/19839902_zpid/,Sold
"260 Martinvale Ln, San Jose, CA 95119",95119,800000.0,Sold 05/14/2019,1970,5998.0,SINGLE_FAMILY,3100,376857.0,3,1.0,1014,37.225398,-121.783319,https://www.zillow.com/homedetails/260-Martinvale-Ln-San-Jose-CA-95119/19840018_zpid/,Sold
"228 Prague Dr, San Jose, CA 95119",95119,975000.0,Sold 05/09/2019,1974,6000.0,SINGLE_FAMILY,4000,264012.0,4,2.5,2386,37.228288,-121.789042,https://www.zillow.com/homedetails/228-Prague-Dr-San-Jose-CA-95119/19839249_zpid/,Sold
"268 Martinvale Ln, San Jose, CA 95119",95119,877000.0,Sold 05/07/2019,1970,6494.0,SINGLE_FAMILY,3700,640080.0,5,2.0,1800,37.224819,-121.783747,https://www.zillow.com/homedetails/268-Martinvale-Ln-San-Jose-CA-95119/19840014_zpid/,Sold
"6690 San Anselmo Way, San Jose, CA 95119",95119,1060003.0,Sold 05/03/2019,1969,7845.0,SINGLE_FAMILY,3550,497836.0,3,2.0,1452,37.229192,-121.788173,https://www.zillow.com/homedetails/6690-San-Anselmo-Way-San-Jose-CA-95119/19839183_zpid/,Sold
"260 Los Palmos Way, San Jose, CA 95119",95119,1195000.0,Sold 05/01/2019,1970,6146.0,SINGLE_FAMILY,3815,113042.0,5,3.0,2181,37.234867,-121.797153,https://www.zillow.com/homedetails/260-Los-Palmos-Way-San-Jose-CA-95119/19838775_zpid/,Sold
"215 Paraiso Ct, San Jose, CA 95119",95119,955000.0,Sold 04/30/2019,1970,6054.0,SINGLE_FAMILY,3400,199897.0,3,2.0,1417,37.231689,-121.78657,https://www.zillow.com/homedetails/215-Paraiso-Ct-San-Jose-CA-95119/19839128_zpid/,Sold
"275 Vineyard Dr, San Jose, CA 95119",95119,922000.0,Sold 04/30/2019,1970,6080.0,SINGLE_FAMILY,3500,58218.0,4,2.0,1308,37.226213,-121.78696,https://www.zillow.com/homedetails/275-Vineyard-Dr-San-Jose-CA-95119/19839282_zpid/,Sold
"6314 Nepo Dr, San Jose, CA 95119",95119,1083500.0,Sold 04/30/2019,1970,6000.0,SINGLE_FAMILY,3645,438130.0,4,3.0,2025,37.230253,-121.802905,https://www.zillow.com/homedetails/6314-Nepo-Dr-San-Jose-CA-95119/19837923_zpid/,Sold
"6448 Du Sault Dr, San Jose, CA 95119",95119,850000.0,Sold 04/29/2019,1972,5998.0,SINGLE_FAMILY,3430,405349.0,3,2.0,1144,37.22951,-121.797106,https://www.zillow.com/homedetails/6448-Du-Sault-Dr-San-Jose-CA-95119/19838301_zpid/,Sold
"6297 Solano Dr, San Jose, CA 95119",95119,1050000.0,Sold 04/26/2019,1972,6107.0,SINGLE_FAMILY,3832,795055.0,4,2.5,2124,37.231439,-121.798221,https://www.zillow.com/homedetails/6297-Solano-Dr-San-Jose-CA-95119/19838629_zpid/,Sold
"6427 Camino Verde Dr, San Jose, CA 95119",95119,1010000.0,Sold 04/22/2019,1970,6054.0,SINGLE_FAMILY,3508,106169.0,3,2.0,1583,37.228817,-121.799467,https://www.zillow.com/homedetails/6427-Camino-Verde-Dr-San-Jose-CA-95119/19837983_zpid/,Sold
"7026 Heaton Moor Dr, San Jose, CA 95119",95119,865000.0,Sold 04/13/2019,1972,5998.0,SINGLE_FAMILY,3500,609463.0,4,2.0,1308,37.221739,-121.784528,https://www.zillow.com/homedetails/7026-Heaton-Moor-Dr-San-Jose-CA-95119/19839446_zpid/,Sold
"253 Los Palmos Way, San Jose, CA 95119",95119,985000.0,Sold 04/12/2019,1970,7274.0,SINGLE_FAMILY,3700,250206.0,4,2.0,1503,37.235311,-121.79638,https://www.zillow.com/homedetails/253-Los-Palmos-Way-San-Jose-CA-95119/19838780_zpid/,Sold
"6832 Endmoor Dr, San Jose, CA 95119",95119,845000.0,Sold 04/11/2019,1972,6000.0,SINGLE_FAMILY,3295,630257.0,3,2.0,1067,37.225342,-121.787697,https://www.zillow.com/homedetails/6832-Endmoor-Dr-San-Jose-CA-95119/19839292_zpid/,Sold
"6502 Pemba Dr, San Jose, CA 95119",95119,933000.0,Sold 04/10/2019,1970,6542.0,SINGLE_FAMILY,3700,729810.0,4,2.0,1601,37.234606,-121.79048,https://www.zillow.com/homedetails/6502-Pemba-Dr-San-Jose-CA-95119/19839020_zpid/,Sold
"6208 Barb Werner Ln, San Jose, CA 95119",95119,613000.0,Sold 04/09/2019,1996,871.0,CONDO,2648,436328.0,2,2.0,859,37.24007,-121.795497,https://www.zillow.com/homedetails/6208-Barb-Werner-Ln-San-Jose-CA-95119/19841841_zpid/,Sold
"6169 Lavendula Way, San Jose, CA 95119",95119,2190000.0,Sold 04/08/2019,1996,1000.0,CONDO,4193,348767.0,3,3.0,1252,37.23946,-121.795388,https://www.zillow.com/homedetails/6169-Lavendula-Way-San-Jose-CA-95119/19841783_zpid/,Sold
"273 Vineyard Dr, San Jose, CA 95119",95119,1100000.0,Sold 04/03/2019,1970,6115.0,SINGLE_FAMILY,3500,615600.0,4,3.0,1806,37.226366,-121.786947,https://www.zillow.com/homedetails/273-Vineyard-Dr-San-Jose-CA-95119/19839281_zpid/,Sold
"6788 Endmoor Dr, San Jose, CA 95119",95119,106000.0,Sold 03/28/2019,1972,6000.0,SINGLE_FAMILY,3695,78717.0,4,2.0,1459,37.225403,-121.789467,https://www.zillow.com/homedetails/6788-Endmoor-Dr-San-Jose-CA-95119/19839301_zpid/,Sold
"6967 Del Rio Dr, San Jose, CA 95119",95119,950000.0,Sold 03/22/2019,1971,6599.0,SINGLE_FAMILY,2950,353553.0,3,2.0,1343,37.225469,-121.780654,https://www.zillow.com/homedetails/6967-Del-Rio-Dr-San-Jose-CA-95119/19840055_zpid/,Sold
"6303 Nepo Dr, San Jose, CA 95119",95119,923000.0,Sold 03/22/2019,1970,6403.0,SINGLE_FAMILY,3695,897345.0,4,2.0,1657,37.229808,-121.803515,https://www.zillow.com/homedetails/6303-Nepo-Dr-San-Jose-CA-95119/19837927_zpid/,Sold
"6985 Polvadero Dr, San Jose, CA 95119",95119,830000.0,Sold 03/19/2019,1968,6355.0,SINGLE_FAMILY,3250,792682.0,3,2.0,1376,37.224934,-121.781305,https://www.zillow.com/homedetails/6985-Polvadero-Dr-San-Jose-CA-95119/19839914_zpid/,Sold
"6637 San Anselmo Way, San Jose, CA 95119",95119,950000.0,Sold 03/18/2019,1975,5972.0,SINGLE_FAMILY,3700,522019.0,4,2.0,2010,37.229407,-121.79008,https://www.zillow.com/homedetails/6637-San-Anselmo-Way-San-Jose-CA-95119/19839266_zpid/,Sold
"265 Dondero Way, San Jose, CA 95119",95119,901000.0,Sold 03/15/2019,1970,5998.0,SINGLE_FAMILY,3600,310598.0,4,2.0,1503,37.233109,-121.7949,https://www.zillow.com/homedetails/265-Dondero-Way-San-Jose-CA-95119/19838672_zpid/,Sold
"310 Curie Dr, San Jose, CA 95119",95119,921000.0,Sold 03/12/2019,1970,7095.0,SINGLE_FAMILY,3421,60254.0,3,2.0,1137,37.22747,-121.796418,https://www.zillow.com/homedetails/310-Curie-Dr-San-Jose-CA-95119/19838129_zpid/,Sold
"6221 Barb Werner Ln, San Jose, CA 95119",95119,675000.0,Sold 03/11/2019,1996,1000.0,CONDO,2950,493567.0,2,2.5,1293,37.240338,-121.795783,https://www.zillow.com/homedetails/6221-Barb-Werner-Ln-San-Jose-CA-95119/19841851_zpid/,Sold
"6314 Camino Verde Dr, San Jose, CA 95119",95119,1250001.0,Sold 03/09/2019,1972,6185.0,SINGLE_FAMILY,3950,786476.0,4,3.0,2124,37.231335,-121.798551,https://www.zillow.com/homedetails/6314-Camino-Verde-Dr-San-Jose-CA-95119/19838654_zpid/,Sold
"217 Sherry Ct, San Jose, CA 95119",95119,860000.0,Sold 03/02/2019,1969,6098.0,SINGLE_FAMILY,3500,424724.0,3,2.0,1392,37.229276,-121.784111,https://www.zillow.com/homedetails/217-Sherry-Ct-San-Jose-CA-95119/19839765_zpid/,Sold
"281 Vineyard Dr, San Jose, CA 95119",95119,885000.0,Sold 02/15/2019,1970,6000.0,SINGLE_FAMILY,3500,750645.0,4,2.0,1308,37.225759,-121.787001,https://www.zillow.com/homedetails/281-Vineyard-Dr-San-Jose-CA-95119/19839285_zpid/,Sold
"6778 Endmoor Dr, San Jose, CA 95119",95119,874900.0,Sold 02/13/2019,1972,6011.0,SINGLE_FAMILY,3400,663000.0,3,2.0,1067,37.225383,-121.78985,https://www.zillow.com/homedetails/6778-Endmoor-Dr-San-Jose-CA-95119/19839303_zpid/,Sold
"6821 Muscat Dr, San Jose, CA 95119",95119,1098000.0,Sold 02/12/2019,1969,5989.0,SINGLE_FAMILY,3950,236150.0,5,4.0,2085,37.228039,-121.783219,https://www.zillow.com/homedetails/6821-Muscat-Dr-San-Jose-CA-95119/19839638_zpid/,Sold
"6752 Endmoor Dr, San Jose, CA 95119",95119,1200000.0,Sold 02/11/2019,1972,5998.0,SINGLE_FAMILY,3290,780000.0,4,3.0,1833,37.225446,-121.790837,https://www.zillow.com/homedetails/6752-Endmoor-Dr-San-Jose-CA-95119/19839307_zpid/,Sold
"6725 Cielito Way, San Jose, CA 95119",95119,975000.0,Sold 02/08/2019,1970,5998.0,SINGLE_FAMILY,3600,637270.0,4,2.0,1495,37.22957,-121.786168,https://www.zillow.com/homedetails/6725-Cielito-Way-San-Jose-CA-95119/19839143_zpid/,Sold
"261 Los Palmos Way, San Jose, CA 95119",95119,1049000.0,Sold 02/01/2019,1970,6098.0,SINGLE_FAMILY,3755,376072.0,4,2.5,2181,37.235306,-121.797257,https://www.zillow.com/homedetails/261-Los-Palmos-Way-San-Jose-CA-95119/19838784_zpid/,Sold
"6983 Heaton Moor Dr, San Jose, CA 95119",95119,905000.0,Video Walkthrough,1972,8999.0,SINGLE_FAMILY,3400,500251.0,3,2.0,1547,37.221681,-121.785788,https://www.zillow.com/homedetails/6983-Heaton-Moor-Dr-San-Jose-CA-95119/19839429_zpid/,Sold
"197 Burning Tree Dr, San Jose, CA 95119",95119,950000.0,Sold 01/18/2019,1970,6660.0,SINGLE_FAMILY,3700,712976.0,4,2.0,1750,37.228194,-121.779731,https://www.zillow.com/homedetails/197-Burning-Tree-Dr-San-Jose-CA-95119/112094009_zpid/,Sold
"52 Bernal Way, San Jose, CA 95119",95119,813500.0,Sold 01/17/2019,1976,6000.0,SINGLE_FAMILY,3450,698279.0,3,2.0,1308,37.233403,-121.770408,https://www.zillow.com/homedetails/52-Bernal-Way-San-Jose-CA-95119/19841296_zpid/,Sold
"6344 Holly Gillingham Ln, San Jose, CA 95119",95119,825000.0,Sold 01/14/2019,1996,1001.0,TOWNHOUSE,3345,686664.0,3,3.0,1318,37.240333,-121.79658,https://www.zillow.com/homedetails/6344-Holly-Gillingham-Ln-San-Jose-CA-95119/19841876_zpid/,Sold
"6785 Muscat Dr, San Jose, CA 95119",95119,905000.0,Sold 01/12/2019,1970,6000.0,SINGLE_FAMILY,3500,555194.0,4,2.0,1308,37.228494,-121.783978,https://www.zillow.com/homedetails/6785-Muscat-Dr-San-Jose-CA-95119/19839633_zpid/,Sold
"6495 Pemba Dr, San Jose, CA 95119",95119,750000.0,Sold 01/11/2019,1970,5963.0,SINGLE_FAMILY,3375,188843.0,3,2.0,1137,37.234336,-121.790955,https://www.zillow.com/homedetails/6495-Pemba-Dr-San-Jose-CA-95119/19839025_zpid/,Sold
"6988 Bolado Dr, San Jose, CA 95119",95119,878000.0,Sold 01/09/2019,1970,5998.0,SINGLE_FAMILY,3500,424352.0,5,2.0,1508,37.226323,-121.779613,https://www.zillow.com/homedetails/6988-Bolado-Dr-San-Jose-CA-95119/19839848_zpid/,Sold
"6293 Island Pine Way, San Jose, CA 95119",95119,790000.0,Sold 01/09/2019,1996,1000.0,TOWNHOUSE,3345,520745.0,3,3.0,1318,37.239743,-121.7969,https://www.zillow.com/homedetails/6293-Island-Pine-Way-San-Jose-CA-95119/19841749_zpid/,Sold
"6932 Burning Tree Ct, San Jose, CA 95119",95119,920000.0,Sold 12/22/2018,1970,6165.0,SINGLE_FAMILY,3700,530922.0,4,2.0,1800,37.227296,-121.779745,https://www.zillow.com/homedetails/6932-Burning-Tree-Ct-San-Jose-CA-95119/19839880_zpid/,Sold
"6964 Polvadero Dr, San Jose, CA 95119",95119,860000.0,Sold 12/20/2018,1970,5993.0,SINGLE_FAMILY,3400,148767.0,3,2.0,1300,37.225221,-121.781942,https://www.zillow.com/homedetails/6964-Polvadero-Dr-San-Jose-CA-95119/19840070_zpid/,Sold
"215 Vineyard Dr, San Jose, CA 95119",95119,785000.0,Sold 12/18/2018,1970,5998.0,SINGLE_FAMILY,3500,453779.0,4,2.0,1308,37.230022,-121.784603,https://www.zillow.com/homedetails/215-Vineyard-Dr-San-Jose-CA-95119/19839078_zpid/,Sold
"6710 Cielito Way, San Jose, CA 95119",95119,920000.0,Video Walkthrough,1969,6298.0,SINGLE_FAMILY,3700,77514.0,4,2.0,1790,37.229812,-121.785263,https://www.zillow.com/homedetails/6710-Cielito-Way-San-Jose-CA-95119/81376784_zpid/,Sold
"184 Burning Tree Dr, San Jose, CA 95119",95119,792000.0,Sold 12/07/2018,1970,6015.0,SINGLE_FAMILY,3100,510239.0,2,2.0,1014,37.227389,-121.779325,https://www.zillow.com/homedetails/184-Burning-Tree-Dr-San-Jose-CA-95119/19839831_zpid/,Sold
"207 Colibri Ct, San Jose, CA 95119",95119,988000.0,Sold 12/06/2018,1969,11251.0,SINGLE_FAMILY,3500,313890.0,3,2.0,1452,37.231321,-121.785472,https://www.zillow.com/homedetails/207-Colibri-Ct-San-Jose-CA-95119/19839117_zpid/,Sold
"6293 Solano Dr, San Jose, CA 95119",95119,1105000.0,Sold 12/05/2018,1972,5998.0,SINGLE_FAMILY,3800,836977.0,4,2.0,1843,37.231605,-121.798254,https://www.zillow.com/homedetails/6293-Solano-Dr-San-Jose-CA-95119/19838628_zpid/,Sold
"6597 Korhummel Way, San Jose, CA 95119",95119,875001.0,Sold 12/03/2018,1970,6107.0,SINGLE_FAMILY,3395,478538.0,3,2.0,1137,37.227585,-121.793852,https://www.zillow.com/homedetails/6597-Korhummel-Way-San-Jose-CA-95119/19838236_zpid/,Sold
"6485 Pemba Dr, San Jose, CA 95119",95119,850000.0,Sold 12/01/2018,1970,6947.0,SINGLE_FAMILY,3400,624870.0,3,2.0,1137,37.234412,-121.791149,https://www.zillow.com/homedetails/6485-Pemba-Dr-San-Jose-CA-95119/19839062_zpid/,Sold
"293 Esteban Way, San Jose, CA 95119",95119,985000.0,Sold 11/30/2018,1970,5998.0,SINGLE_FAMILY,3800,134981.0,5,3.0,2099,37.232448,-121.797317,https://www.zillow.com/homedetails/293-Esteban-Way-San-Jose-CA-95119/19838601_zpid/,Sold
"6188 Lavendula Way, San Jose, CA 95119",95119,725000.0,Sold 11/30/2018,1996,1000.0,CONDO,3300,557654.0,2,3.0,1293,37.239244,-121.795109,https://www.zillow.com/homedetails/6188-Lavendula-Way-San-Jose-CA-95119/19841795_zpid/,Sold
"68 Bernal Way, San Jose, CA 95119",95119,720000.0,Sold 11/28/2018,1976,6000.0,SINGLE_FAMILY,3475,546479.0,3,2.0,1308,37.232751,-121.771012,https://www.zillow.com/homedetails/68-Bernal-Way-San-Jose-CA-95119/19841292_zpid/,Sold
"32 Bernal Way, San Jose, CA 95119",95119,857250.0,Sold 11/28/2018,1976,5880.0,SINGLE_FAMILY,3500,684125.0,4,2.0,1632,37.234225,-121.769626,https://www.zillow.com/homedetails/32-Bernal-Way-San-Jose-CA-95119/19841301_zpid/,Sold
"203 Pinot Ct, San Jose, CA 95119",95119,912000.0,Sold 11/21/2018,1969,8611.0,SINGLE_FAMILY,3695,324798.0,4,2.0,1575,37.229691,-121.782596,https://www.zillow.com/homedetails/203-Pinot-Ct-San-Jose-CA-95119/19839738_zpid/,Sold
"151 Yasou Demas Way, San Jose, CA 95119",95119,810000.0,Sold 11/19/2018,1996,1000.0,CONDO,3345,288848.0,3,3.0,1318,37.239419,-121.794808,https://www.zillow.com/homedetails/151-Yasou-Demas-Way-San-Jose-CA-95119/19841805_zpid/,Sold
"238 Moselle Ct, San Jose, CA 95119",95119,1150000.0,Sold 11/17/2018,1970,10105.0,SINGLE_FAMILY,4100,988380.0,4,3.0,2580,37.227747,-121.784894,https://www.zillow.com/homedetails/238-Moselle-Ct-San-Jose-CA-95119/19839688_zpid/,Sold
"183 Sunwood Meadows Pl, San Jose, CA 95119",95119,555000.0,Sold 11/15/2018,1985,1200.0,CONDO,2650,415706.0,2,2.0,920,37.227989,-121.773347,https://www.zillow.com/homedetails/183-Sunwood-Meadows-Pl-San-Jose-CA-95119/19841627_zpid/,Sold
"6960 Polvadero Dr, San Jose, CA 95119",95119,845000.0,Sold 11/13/2018,1970,6000.0,SINGLE_FAMILY,3420,726624.0,2,2.0,1436,37.225089,-121.782072,https://www.zillow.com/homedetails/6960-Polvadero-Dr-San-Jose-CA-95119/19840071_zpid/,Sold
"240 Moselle Ct, San Jose, CA 95119",95119,875000.0,Sold 11/10/2018,1970,8934.0,SINGLE_FAMILY,3500,139934.0,4,2.0,1308,37.227555,-121.784919,https://www.zillow.com/homedetails/240-Moselle-Ct-San-Jose-CA-95119/19839687_zpid/,Sold
"276 Arbor Valley Dr, San Jose, CA 95119",95119,168727.0,Sold 11/01/2018,1970,5995.0,SINGLE_FAMILY,2800,167471.0,2,1.0,816,37.226005,-121.78628,https://www.zillow.com/homedetails/276-Arbor-Valley-Dr-San-Jose-CA-95119/19839540_zpid/,Sold
"6469 Purple Hills Dr, San Jose, CA 95119",95119,1050000.0,Sold 10/31/2018,1972,6734.0,SINGLE_FAMILY,3900,592103.0,5,3.0,2563,37.230571,-121.793806,https://www.zillow.com/homedetails/6469-Purple-Hills-Dr-San-Jose-CA-95119/19838484_zpid/,Sold
"6370 San Anselmo Way, San Jose, CA 95119",95119,985000.0,Sold 10/31/2018,1970,6616.0,SINGLE_FAMILY,3600,96071.0,3,3.0,1778,37.230283,-121.798104,https://www.zillow.com/homedetails/6370-San-Anselmo-Way-San-Jose-CA-95119/19838646_zpid/,Sold
"316 Los Pinos Way, San Jose, CA 95119",95119,1135000.0,Sold 10/31/2018,1969,6969.0,SINGLE_FAMILY,3800,615953.0,4,2.0,2010,37.232796,-121.8011,https://www.zillow.com/homedetails/316-Los-Pinos-Way-San-Jose-CA-95119/19837779_zpid/,Sold
"268 Moraga Way, San Jose, CA 95119",95119,42000.0,Sold 10/29/2018,1972,6000.0,SINGLE_FAMILY,3700,708497.0,4,2.0,2010,37.231244,-121.79457,https://www.zillow.com/homedetails/268-Moraga-Way-San-Jose-CA-95119/19838539_zpid/,Sold
"204 Vineyard Dr, San Jose, CA 95119",95119,885000.0,Sold 10/29/2018,1970,7104.0,SINGLE_FAMILY,3500,555103.0,3,2.0,1308,37.230338,-121.783594,https://www.zillow.com/homedetails/204-Vineyard-Dr-San-Jose-CA-95119/19839775_zpid/,Sold
"235 Purple Glen Dr, San Jose, CA 95119",95119,1000000.0,Sold 10/26/2018,1972,6000.0,SINGLE_FAMILY,3950,96401.0,5,3.0,2563,37.231429,-121.792877,https://www.zillow.com/homedetails/235-Purple-Glen-Dr-San-Jose-CA-95119/19838430_zpid/,Sold
"6440 Purple Hills Dr, San Jose, CA 95119",95119,1175000.0,Sold 10/25/2018,1972,6098.0,SINGLE_FAMILY,4000,533253.0,5,3.0,2563,37.230904,-121.793255,https://www.zillow.com/homedetails/6440-Purple-Hills-Dr-San-Jose-CA-95119/19838398_zpid/,Sold
"6123 Del Robles Ct, San Jose, CA 95119",95119,1040000.0,Sold 10/25/2018,1967,6454.0,SINGLE_FAMILY,3500,468095.0,3,2.0,1537,37.236296,-121.799171,https://www.zillow.com/homedetails/6123-Del-Robles-Ct-San-Jose-CA-95119/19838841_zpid/,Sold
"320 Endmoor Ct, San Jose, CA 95119",95119,1025000.0,Sold 10/25/2018,1972,6259.0,SINGLE_FAMILY,3755,248165.0,4,2.0,1988,37.224948,-121.789254,https://www.zillow.com/homedetails/320-Endmoor-Ct-San-Jose-CA-95119/19839318_zpid/,Sold
"6663 Catamaran St, San Jose, CA 95119",95119,456500.0,Sold 10/19/2018,1970,283140000.0,SINGLE_FAMILY,3500,549136.0,3,2.0,1278,37.230442,-121.787203,https://www.zillow.com/homedetails/6663-Catamaran-St-San-Jose-CA-95119/19839160_zpid/,Sold
"6865 Aintree Dr, San Jose, CA 95119",95119,866000.0,Sold 10/05/2018,1970,6307.0,SINGLE_FAMILY,3500,521107.0,4,2.0,1308,37.22519,-121.785438,https://www.zillow.com/homedetails/6865-Aintree-Dr-San-Jose-CA-95119/19839497_zpid/,Sold
"6424 Nepo Ct, San Jose, CA 95119",95119,825000.0,Sold 10/01/2018,1970,8364.0,SINGLE_FAMILY,3500,645924.0,4,2.0,1958,37.228286,-121.799821,https://www.zillow.com/homedetails/6424-Nepo-Ct-San-Jose-CA-95119/19837976_zpid/,Sold
"6184 Lavendula Way, San Jose, CA 95119",95119,825000.0,Sold 09/28/2018,1997,1000.0,TOWNHOUSE,2750,293403.0,3,3.0,1318,37.239327,-121.795152,https://www.zillow.com/homedetails/6184-Lavendula-Way-San-Jose-CA-95119/19841796_zpid/,Sold
"282 Burning Tree Dr, San Jose, CA 95119",95119,285500.0,Sold 09/28/2018,1970,6100.0,SINGLE_FAMILY,3600,791140.0,4,2.0,1588,37.224331,-121.780794,https://www.zillow.com/homedetails/282-Burning-Tree-Dr-San-Jose-CA-95119/19839977_zpid/,Sold
"6495 Applegate Ct, San Jose, CA 95119",95119,940500.0,Sold 09/28/2018,1970,6725.0,SINGLE_FAMILY,3500,678740.0,4,2.0,1408,37.227277,-121.796614,https://www.zillow.com/homedetails/6495-Applegate-Ct-San-Jose-CA-95119/19838130_zpid/,Sold
"6101 Yeadon Way, San Jose, CA 95119",95119,1060000.0,Sold 09/27/2018,1996,4207.0,SINGLE_FAMILY,3700,714017.0,3,2.5,1680,37.238771,-121.797642,https://www.zillow.com/homedetails/6101-Yeadon-Way-San-Jose-CA-95119/19841719_zpid/,Sold
"6209 Ginashell Cir, San Jose, CA 95119",95119,998000.0,Sold 09/26/2018,1996,4020.0,SINGLE_FAMILY,3500,388037.0,3,2.5,1497,37.23866,-121.796919,https://www.zillow.com/homedetails/6209-Ginashell-Cir-San-Jose-CA-95119/19841671_zpid/,Sold
"267 Dondero Way, San Jose, CA 95119",95119,1115000.0,Sold 09/25/2018,1970,6107.0,SINGLE_FAMILY,3800,239179.0,5,3.0,2181,37.233112,-121.795119,https://www.zillow.com/homedetails/267-Dondero-Way-San-Jose-CA-95119/19838673_zpid/,Sold
"182 Cheryl Beck Dr, San Jose, CA 95119",95119,1231000.0,Sold 09/24/2018,1996,3998.0,SINGLE_FAMILY,3900,806955.0,4,3.0,2039,37.238979,-121.79688,https://www.zillow.com/homedetails/182-Cheryl-Beck-Dr-San-Jose-CA-95119/19841669_zpid/,Sold
"382 Jai Dr, San Jose, CA 95119",95119,1185000.0,Video Walkthrough,1970,6000.0,SINGLE_FAMILY,3800,94570.0,4,2.0,1623,37.228812,-121.802481,https://www.zillow.com/homedetails/382-Jai-Dr-San-Jose-CA-95119/19838026_zpid/,Sold
"6277 Ginashell Cir, San Jose, CA 95119",95119,1300000.0,Sold 09/20/2018,1996,4033.0,SINGLE_FAMILY,3980,777844.0,4,2.0,2039,37.238631,-121.795736,https://www.zillow.com/homedetails/6277-Ginashell-Cir-San-Jose-CA-95119/19841688_zpid/,Sold
"6338 Solano Dr, San Jose, CA 95119",95119,1175000.0,Sold 09/18/2018,1972,4356.0,SINGLE_FAMILY,4000,1002863.0,5,3.0,2563,37.230965,-121.79497,https://www.zillow.com/homedetails/6338-Solano-Dr-San-Jose-CA-95119/19838510_zpid/,Sold
"6429 San Anselmo Way, San Jose, CA 95119",95119,1185000.0,Sold 09/14/2018,1972,6011.0,SINGLE_FAMILY,3850,840346.0,4,3.0,2124,37.229804,-121.795949,https://www.zillow.com/homedetails/6429-San-Anselmo-Way-San-Jose-CA-95119/19838316_zpid/,Sold
"210 Arbor Valley Ct, San Jose, CA 95119",95119,1015000.0,Sold 09/12/2018,1969,6211.0,SINGLE_FAMILY,3500,830000.0,3,2.0,1392,37.228531,-121.781692,https://www.zillow.com/homedetails/210-Arbor-Valley-Ct-San-Jose-CA-95119/19839712_zpid/,Sold
"268 Jaggers Dr, San Jose, CA 95119",95119,940000.0,Sold 09/10/2018,1970,6364.0,SINGLE_FAMILY,3430,780672.0,3,2.0,1137,37.229115,-121.792892,https://www.zillow.com/homedetails/268-Jaggers-Dr-San-Jose-CA-95119/19838167_zpid/,Sold
"6143 Escondido Ct, San Jose, CA 95119",95119,1110000.0,Sold 09/07/2018,1966,6912.0,SINGLE_FAMILY,3800,78933.0,4,2.0,1939,37.235917,-121.798242,https://www.zillow.com/homedetails/6143-Escondido-Ct-San-Jose-CA-95119/19838833_zpid/,Sold
"7005 Polvadero Dr, San Jose, CA 95119",95119,895000.0,Sold 08/31/2018,1971,6150.0,SINGLE_FAMILY,3395,55784.0,3,2.0,1120,37.224681,-121.780773,https://www.zillow.com/homedetails/7005-Polvadero-Dr-San-Jose-CA-95119/19839917_zpid/,Sold
"244 Moselle Ct, San Jose, CA 95119",95119,825000.0,Sold 08/31/2018,1970,6231.0,SINGLE_FAMILY,3300,675320.0,3,1.0,1148,37.22731,-121.785277,https://www.zillow.com/homedetails/244-Moselle-Ct-San-Jose-CA-95119/19839685_zpid/,Sold
"6513 Kaneko Dr, San Jose, CA 95119",95119,167000.0,Sold 08/30/2018,1972,6000.0,SINGLE_FAMILY,3700,518695.0,4,2.0,2010,37.232523,-121.7921,https://www.zillow.com/homedetails/6513-Kaneko-Dr-San-Jose-CA-95119/19838973_zpid/,Sold
"6974 El Marcero Ct, San Jose, CA 95119",95119,1199888.0,Sold 08/29/2018,1970,7000.0,SINGLE_FAMILY,3200,452699.0,4,3.0,1812,37.223034,-121.783812,https://www.zillow.com/homedetails/6974-El-Marcero-Ct-San-Jose-CA-95119/19840013_zpid/,Sold
"6564 Pemba Dr, San Jose, CA 95119",95119,100000.0,Sold 08/23/2018,1900,6666.0,SINGLE_FAMILY,3695,450248.0,4,2.0,1601,37.233525,-121.788656,https://www.zillow.com/homedetails/6564-Pemba-Dr-San-Jose-CA-95119/19839009_zpid/,Sold
"6151 Camino Verde Dr APT F, San Jose, CA 95119",95119,600000.0,Sold 08/17/2018,1980,818.0,TOWNHOUSE,2600,163247.0,2,1.5,992,37.235167,-121.80224,https://www.zillow.com/homedetails/6151-Camino-Verde-Dr-APT-F-San-Jose-CA-95119/19840119_zpid/,Sold
"6768 Endmoor Dr, San Jose, CA 95119",95119,950000.0,Sold 08/16/2018,1972,6198.0,SINGLE_FAMILY,3500,589306.0,4,2.0,1308,37.225406,-121.790241,https://www.zillow.com/homedetails/6768-Endmoor-Dr-San-Jose-CA-95119/19839305_zpid/,Sold
"6288 Ceanothus Ln, San Jose, CA 95119",95119,780000.0,Sold 08/16/2018,1996,621.0,CONDO,2895,334976.0,2,3.0,1293,37.240412,-121.795993,https://www.zillow.com/homedetails/6288-Ceanothus-Ln-San-Jose-CA-95119/19841854_zpid/,Sold
"359 Aklan Ct, San Jose, CA 95119",95119,1200000.0,Sold 08/16/2018,1970,6342.0,SINGLE_FAMILY,3800,387249.0,4,3.0,2260,37.228778,-121.798149,https://www.zillow.com/homedetails/359-Aklan-Ct-San-Jose-CA-95119/19838259_zpid/,Sold
"271 Cresta Vista Way, San Jose, CA 95119",95119,1060000.0,Sold 08/10/2018,1968,6115.0,SINGLE_FAMILY,3620,917260.0,5,2.0,2312,37.233879,-121.796859,https://www.zillow.com/homedetails/271-Cresta-Vista-Way-San-Jose-CA-95119/19838712_zpid/,Sold
"193 Kona Pl, San Jose, CA 95119",95119,1025000.0,Sold 08/08/2018,1970,5841.0,SINGLE_FAMILY,3400,665000.0,3,2.0,1137,37.234245,-121.791638,https://www.zillow.com/homedetails/193-Kona-Pl-San-Jose-CA-95119/19838942_zpid/,Sold
"6998 Sessions Dr, San Jose, CA 95119",95119,999000.0,Sold 08/03/2018,1980,6600.0,SINGLE_FAMILY,3600,793622.0,3,2.0,1824,37.235206,-121.769346,https://www.zillow.com/homedetails/6998-Sessions-Dr-San-Jose-CA-95119/19841395_zpid/,Sold
"6966 Del Rio Dr, San Jose, CA 95119",95119,865000.0,Sold 08/03/2018,1970,6499.0,SINGLE_FAMILY,3400,128848.0,3,2.0,1308,37.225888,-121.780447,https://www.zillow.com/homedetails/6966-Del-Rio-Dr-San-Jose-CA-95119/19839901_zpid/,Sold
"6261 Solano Dr, San Jose, CA 95119",95119,1280000.0,Sold 07/30/2018,1970,6076.0,SINGLE_FAMILY,3800,163892.0,5,3.0,2181,37.232896,-121.79876,https://www.zillow.com/homedetails/6261-Solano-Dr-San-Jose-CA-95119/19838668_zpid/,Sold
"6820 Moselle Dr, San Jose, CA 95119",95119,990000.0,Sold 07/20/2018,1970,6878.0,SINGLE_FAMILY,3500,566107.0,3,2.0,1324,37.226791,-121.784481,https://www.zillow.com/homedetails/6820-Moselle-Dr-San-Jose-CA-95119/19839608_zpid/,Sold
"6233 Ginashell Cir, San Jose, CA 95119",95119,750000.0,Sold 07/19/2018,1996,6900.0,SINGLE_FAMILY,3620,888102.0,4,3.0,2039,37.237804,-121.796857,https://www.zillow.com/homedetails/6233-Ginashell-Cir-San-Jose-CA-95119/19841677_zpid/,Sold
"282 Moraga Way, San Jose, CA 95119",95119,930000.0,Sold 07/16/2018,1972,6098.0,SINGLE_FAMILY,3450,159208.0,3,2.0,1723,37.231237,-121.796017,https://www.zillow.com/homedetails/282-Moraga-Way-San-Jose-CA-95119/19838532_zpid/,Sold
"250 Burning Tree Dr, San Jose, CA 95119",95119,1000000.0,Sold 07/16/2018,1970,6072.0,SINGLE_FAMILY,3500,697661.0,5,2.0,1694,37.225138,-121.782449,https://www.zillow.com/homedetails/250-Burning-Tree-Dr-San-Jose-CA-95119/19840042_zpid/,Sold
"6994 Del Rio Dr, San Jose, CA 95119",95119,914000.0,Sold 07/10/2018,1971,6791.0,SINGLE_FAMILY,3250,535389.0,3,2.0,1268,37.225329,-121.779381,https://www.zillow.com/homedetails/6994-Del-Rio-Dr-San-Jose-CA-95119/19839895_zpid/,Sold
"6117 Yeadon Way, San Jose, CA 95119",95119,1160000.0,Sold 07/10/2018,1996,4007.0,SINGLE_FAMILY,3800,814379.0,4,2.5,1680,37.238216,-121.797644,https://www.zillow.com/homedetails/6117-Yeadon-Way-San-Jose-CA-95119/19841723_zpid/,Sold
"206 Paraiso Ct, San Jose, CA 95119",95119,1025000.0,Sold 07/10/2018,1974,9147.0,SINGLE_FAMILY,3500,687254.0,3,2.0,1888,37.231697,-121.785821,https://www.zillow.com/homedetails/206-Paraiso-Ct-San-Jose-CA-95119/19839124_zpid/,Sold
"327 Vineyard Dr, San Jose, CA 95119",95119,900000.0,Sold 07/05/2018,1970,6041.0,SINGLE_FAMILY,3500,497837.0,3,2.0,1334,37.223131,-121.786656,https://www.zillow.com/homedetails/327-Vineyard-Dr-San-Jose-CA-95119/19839378_zpid/,Sold
"316 Bromley Cross Dr, San Jose, CA 95119",95119,915000.0,Sold 07/05/2018,1972,5662.0,SINGLE_FAMILY,3550,681095.0,4,2.0,1814,37.222165,-121.784581,https://www.zillow.com/homedetails/316-Bromley-Cross-Dr-San-Jose-CA-95119/19839450_zpid/,Sold
"290 El Portal Way, San Jose, CA 95119",95119,1250001.0,Sold 06/29/2018,1968,6100.0,SINGLE_FAMILY,3800,593079.0,5,2.0,2312,37.233732,-121.799575,https://www.zillow.com/homedetails/290-El-Portal-Way-San-Jose-CA-95119/19838727_zpid/,Sold
"157 Sunwood Meadows Pl, San Jose, CA 95119",95119,647000.0,Sold 06/29/2018,1985,1200.0,CONDO,2600,275970.0,2,2.0,920,37.228198,-121.773041,https://www.zillow.com/homedetails/157-Sunwood-Meadows-Pl-San-Jose-CA-95119/19841607_zpid/,Sold
"179 Kona Pl, San Jose, CA 95119",95119,1050000.0,Sold 06/28/2018,1968,7034.0,SINGLE_FAMILY,3750,94587.0,4,2.0,1751,37.235098,-121.79167,https://www.zillow.com/homedetails/179-Kona-Pl-San-Jose-CA-95119/19838937_zpid/,Sold
"6473 San Ignacio Ave, San Jose, CA 95119",95119,3900000.0,Sold 06/26/2018,1972,6860.0,SINGLE_FAMILY,8395,1076813.0,5,3.0,2563,37.231719,-121.789271,https://www.zillow.com/homedetails/6473-San-Ignacio-Ave-San-Jose-CA-95119/19838471_zpid/,Sold
"6673 Cielito Way, San Jose, CA 95119",95119,1200000.0,Sold 06/26/2018,1972,5662.0,SINGLE_FAMILY,3900,470790.0,4,2.5,2124,37.230917,-121.786499,https://www.zillow.com/homedetails/6673-Cielito-Way-San-Jose-CA-95119/19839133_zpid/,Sold
"259 Oronsay Way, San Jose, CA 95119",95119,1150000.0,Sold 06/25/2018,1974,6908.0,SINGLE_FAMILY,3850,794712.0,4,3.0,2256,37.22794,-121.790671,https://www.zillow.com/homedetails/259-Oronsay-Way-San-Jose-CA-95119/19839213_zpid/,Sold
"286 Cresta Vista Way, San Jose, CA 95119",95119,1200000.0,Sold 06/22/2018,1968,6904.0,SINGLE_FAMILY,3695,924120.0,4,2.0,1735,37.233302,-121.798447,https://www.zillow.com/homedetails/286-Cresta-Vista-Way-San-Jose-CA-95119/19838688_zpid/,Sold
"6655 San Anselmo Way, San Jose, CA 95119",95119,1165000.0,Sold 06/22/2018,1972,6000.0,SINGLE_FAMILY,4000,386499.0,5,3.0,2563,37.229216,-121.789509,https://www.zillow.com/homedetails/6655-San-Anselmo-Way-San-Jose-CA-95119/19839269_zpid/,Sold
"6984 Polvadero Dr, San Jose, CA 95119",95119,875000.0,Sold 06/21/2018,1970,6337.0,SINGLE_FAMILY,3400,139493.0,3,2.5,1508,37.225338,-121.781095,https://www.zillow.com/homedetails/6984-Polvadero-Dr-San-Jose-CA-95119/19840065_zpid/,Sold
"199 Prague Dr, San Jose, CA 95119",95119,247500.0,Sold 06/21/2018,1975,5999.0,SINGLE_FAMILY,3800,969714.0,4,2.1,2256,37.227596,-121.787803,https://www.zillow.com/homedetails/199-Prague-Dr-San-Jose-CA-95119/19839273_zpid/,Sold
"6875 Heaton Moor Dr, San Jose, CA 95119",95119,1165000.0,Sold 06/18/2018,1972,7183.0,SINGLE_FAMILY,3600,588517.0,3,2.0,1856,37.22308,-121.788098,https://www.zillow.com/homedetails/6875-Heaton-Moor-Dr-San-Jose-CA-95119/112097636_zpid/,Sold
"6137 Yeadon Way, San Jose, CA 95119",95119,1360000.0,Sold 06/14/2018,1996,4038.0,SINGLE_FAMILY,4000,912552.0,4,3.0,2039,37.237528,-121.797638,https://www.zillow.com/homedetails/6137-Yeadon-Way-San-Jose-CA-95119/19841728_zpid/,Sold
"301 Blairbeth Dr, San Jose, CA 95119",95119,958000.0,Sold 06/14/2018,1972,6054.0,SINGLE_FAMILY,3263,345205.0,3,2.0,1067,37.224866,-121.78799,https://www.zillow.com/homedetails/301-Blairbeth-Dr-San-Jose-CA-95119/19839333_zpid/,Sold
"6276 Ginashell Cir, San Jose, CA 95119",95119,1300000.0,Sold 06/12/2018,1996,3985.0,SINGLE_FAMILY,3950,776700.0,4,3.0,2039,37.238554,-121.796188,https://www.zillow.com/homedetails/6276-Ginashell-Cir-San-Jose-CA-95119/19841696_zpid/,Sold
"6738 Cielito Way, San Jose, CA 95119",95119,1135000.0,Sold 06/12/2018,1969,5998.0,SINGLE_FAMILY,3750,206390.0,4,2.0,1686,37.228879,-121.786123,https://www.zillow.com/homedetails/6738-Cielito-Way-San-Jose-CA-95119/19839092_zpid/,Sold
"6635 Catamaran St, San Jose, CA 95119",95119,1175000.0,Sold 06/11/2018,1972,6000.0,SINGLE_FAMILY,3900,808025.0,4,2.0,2010,37.231147,-121.788382,https://www.zillow.com/homedetails/6635-Catamaran-St-San-Jose-CA-95119/19839187_zpid/,Sold
"254 Cresta Vista Way, San Jose, CA 95119",95119,1080000.0,Sold 06/07/2018,1970,5749.0,SINGLE_FAMILY,3775,608025.0,5,3.0,2181,37.233385,-121.795302,https://www.zillow.com/homedetails/254-Cresta-Vista-Way-San-Jose-CA-95119/19838703_zpid/,Sold
"6914 Sessions Dr, San Jose, CA 95119",95119,970000.0,Sold 06/06/2018,1980,6098.0,SINGLE_FAMILY,3500,510000.0,3,2.0,1824,37.236477,-121.771476,https://www.zillow.com/homedetails/6914-Sessions-Dr-San-Jose-CA-95119/19841409_zpid/,Sold
"6116 Del Robles Ct, San Jose, CA 95119",95119,1330000.0,Sold 06/06/2018,1967,7309.0,SINGLE_FAMILY,4000,270650.0,5,2.5,2337,37.236413,-121.798565,https://www.zillow.com/homedetails/6116-Del-Robles-Ct-San-Jose-CA-95119/19838837_zpid/,Sold
"200 Sunwood Meadows Pl, San Jose, CA 95119",95119,650000.0,Sold 06/05/2018,1985,1200.0,CONDO,2650,372805.0,2,2.0,920,37.2276,-121.773374,https://www.zillow.com/homedetails/200-Sunwood-Meadows-Pl-San-Jose-CA-95119/19841620_zpid/,Sold
"6122 Escondido Ct, San Jose, CA 95119",95119,1280000.0,Sold 06/01/2018,1966,6795.0,SINGLE_FAMILY,3950,551948.0,4,3.0,2337,37.236319,-121.797667,https://www.zillow.com/homedetails/6122-Escondido-Ct-San-Jose-CA-95119/19838827_zpid/,Sold
"216 Burning Tree Dr, San Jose, CA 95119",95119,1145000.0,Sold 06/01/2018,1970,6080.0,SINGLE_FAMILY,3500,501057.0,4,3.0,1623,37.227109,-121.780619,https://www.zillow.com/homedetails/216-Burning-Tree-Dr-San-Jose-CA-95119/19839863_zpid/,Sold
"6648 Catamaran St, San Jose, CA 95119",95119,965000.0,Sold 05/25/2018,1972,5998.0,SINGLE_FAMILY,3800,262030.0,4,2.5,2124,37.231205,-121.787563,https://www.zillow.com/homedetails/6648-Catamaran-St-San-Jose-CA-95119/19840077_zpid/,Sold
"6145 Camino Verde Dr APT B, San Jose, CA 95119",95119,631000.0,Sold 05/25/2018,1980,797.0,CONDO,2600,218256.0,2,2.0,992,37.235343,-121.801851,https://www.zillow.com/homedetails/6145-Camino-Verde-Dr-APT-B-San-Jose-CA-95119/19840113_zpid/,Sold
"223 Burning Tree Dr, San Jose, CA 95119",95119,1030000.0,Sold 05/24/2018,1970,6098.0,SINGLE_FAMILY,3500,357041.0,3,3.0,1623,37.226861,-121.781534,https://www.zillow.com/homedetails/223-Burning-Tree-Dr-San-Jose-CA-95119/19839811_zpid/,Sold
"6129 Yeadon Way, San Jose, CA 95119",95119,1218000.0,Sold 05/16/2018,1996,3920.0,SINGLE_FAMILY,3900,837459.0,4,3.0,2039,37.237803,-121.797641,https://www.zillow.com/homedetails/6129-Yeadon-Way-San-Jose-CA-95119/19841726_zpid/,Sold
"6220 Yeadon Way, San Jose, CA 95119",95119,1400000.0,Sold 05/16/2018,1996,4068.0,SINGLE_FAMILY,4000,823885.0,4,3.0,2039,37.238082,-121.795453,https://www.zillow.com/homedetails/6220-Yeadon-Way-San-Jose-CA-95119/19841645_zpid/,Sold
"175 Burning Tree Dr, San Jose, CA 95119",95119,242500.0,Sold 05/16/2018,1970,6600.0,SINGLE_FAMILY,3500,553376.0,3,2.0,1343,37.227427,-121.778452,https://www.zillow.com/homedetails/175-Burning-Tree-Dr-San-Jose-CA-95119/19839791_zpid/,Sold
"6165 Lavendula Way, San Jose, CA 95119",95119,850000.0,Sold 05/15/2018,1996,1000.0,TOWNHOUSE,3345,558074.0,3,3.0,1318,37.239347,-121.795436,https://www.zillow.com/homedetails/6165-Lavendula-Way-San-Jose-CA-95119/19841781_zpid/,Sold
"336 Los Pinos Way, San Jose, CA 95119",95119,1200000.0,Sold 05/15/2018,1968,7387.0,SINGLE_FAMILY,4100,427990.0,5,3.0,2365,37.232691,-121.803275,https://www.zillow.com/homedetails/336-Los-Pinos-Way-San-Jose-CA-95119/19837770_zpid/,Sold
"6560 Bison Ct, San Jose, CA 95119",95119,1000000.0,Sold 05/11/2018,1970,6094.0,SINGLE_FAMILY,3430,746974.0,3,2.0,1137,37.228849,-121.792388,https://www.zillow.com/homedetails/6560-Bison-Ct-San-Jose-CA-95119/19838180_zpid/,Sold
"177 Burning Tree Dr, San Jose, CA 95119",95119,830000.0,Sold 05/10/2018,1970,6000.0,SINGLE_FAMILY,2975,454411.0,2,2.0,1076,37.227525,-121.778616,https://www.zillow.com/homedetails/177-Burning-Tree-Dr-San-Jose-CA-95119/19839792_zpid/,Sold
"6328 Solano Dr, San Jose, CA 95119",95119,1325000.0,Sold 05/09/2018,1972,6115.0,SINGLE_FAMILY,3900,271252.0,4,3.0,2124,37.230997,-121.796037,https://www.zillow.com/homedetails/6328-Solano-Dr-San-Jose-CA-95119/19838515_zpid/,Sold
"338 Bodega Way, San Jose, CA 95119",95119,1300000.0,Sold 05/08/2018,1972,7688.0,SINGLE_FAMILY,3600,712137.0,3,3.0,1903,37.231915,-121.802116,https://www.zillow.com/homedetails/338-Bodega-Way-San-Jose-CA-95119/19837797_zpid/,Sold
"220 Sherry Ct, San Jose, CA 95119",95119,900000.0,Sold 05/07/2018,1969,6930.0,SINGLE_FAMILY,3495,218306.0,3,2.0,1392,37.22886,-121.783753,https://www.zillow.com/homedetails/220-Sherry-Ct-San-Jose-CA-95119/19839747_zpid/,Sold
"302 Curie Dr, San Jose, CA 95119",95119,900000.0,Sold 05/07/2018,1970,7838.0,SINGLE_FAMILY,3500,493183.0,5,2.0,2056,37.22713,-121.795486,https://www.zillow.com/homedetails/302-Curie-Dr-San-Jose-CA-95119/19838136_zpid/,Sold
"270 Esteban Way, San Jose, CA 95119",95119,1320000.0,Sold 04/26/2018,1972,5998.0,SINGLE_FAMILY,3800,245437.0,4,2.0,2010,37.23196,-121.794884,https://www.zillow.com/homedetails/270-Esteban-Way-San-Jose-CA-95119/19838584_zpid/,Sold
"218 Paraiso Ct, San Jose, CA 95119",95119,975000.0,Sold 04/26/2018,1972,6669.0,SINGLE_FAMILY,3700,219434.0,4,2.0,1843,37.231231,-121.786199,https://www.zillow.com/homedetails/218-Paraiso-Ct-San-Jose-CA-95119/19839121_zpid/,Sold
"6146 Escondido Ct, San Jose, CA 95119",95119,1275000.0,Sold 04/25/2018,1966,6795.0,SINGLE_FAMILY,3800,770315.0,4,2.0,1791,37.235962,-121.797687,https://www.zillow.com/homedetails/6146-Escondido-Ct-San-Jose-CA-95119/19838825_zpid/,Sold
"6535 Catamaran St, San Jose, CA 95119",95119,1300000.0,Sold 04/18/2018,1972,5954.0,SINGLE_FAMILY,4100,833035.0,5,3.0,2794,37.231808,-121.791938,https://www.zillow.com/homedetails/6535-Catamaran-St-San-Jose-CA-95119/19838410_zpid/,Sold
"242 Arbor Valley Dr, San Jose, CA 95119",95119,1010000.0,Sold 04/16/2018,1970,5662.0,SINGLE_FAMILY,3500,339938.0,4,2.0,1308,37.226548,-121.783468,https://www.zillow.com/homedetails/242-Arbor-Valley-Dr-San-Jose-CA-95119/19839557_zpid/,Sold
"6846 Aintree Dr, San Jose, CA 95119",95119,950000.0,Sold 04/16/2018,1970,5995.0,SINGLE_FAMILY,2800,169023.0,2,1.0,816,37.225646,-121.78631,https://www.zillow.com/homedetails/6846-Aintree-Dr-San-Jose-CA-95119/19839596_zpid/,Sold
"6568 Bison Ct, San Jose, CA 95119",95119,1155000.0,Sold 04/13/2018,1970,6141.0,SINGLE_FAMILY,3430,635645.0,3,2.0,1137,37.228532,-121.792393,https://www.zillow.com/homedetails/6568-Bison-Ct-San-Jose-CA-95119/19838178_zpid/,Sold
"6157 Thicket Way, San Jose, CA 95119",95119,825000.0,Sold 04/13/2018,1996,1000.0,CONDO,3000,497742.0,2,2.5,1293,37.240182,-121.795219,https://www.zillow.com/homedetails/6157-Thicket-Way-San-Jose-CA-95119/19841835_zpid/,Sold
"6922 Rockton Ave, San Jose, CA 95119",95119,1100000.0,Sold 04/12/2018,1980,6000.0,SINGLE_FAMILY,3995,395365.0,5,3.0,2547,37.235484,-121.772169,https://www.zillow.com/homedetails/6922-Rockton-Ave-San-Jose-CA-95119/19841491_zpid/,Sold
"6545 Kaneko Dr, San Jose, CA 95119",95119,1029000.0,Sold 04/06/2018,1970,6098.0,SINGLE_FAMILY,3400,473884.0,3,2.0,1137,37.23253,-121.790448,https://www.zillow.com/homedetails/6545-Kaneko-Dr-San-Jose-CA-95119/19838981_zpid/,Sold
"6950 Santa Teresa #C, San Jose, CA 95119",95119,540000.0,Sold 04/03/2018,-1,-1.0,SINGLE_FAMILY,2700,,0,,1125,37.228112,-121.778229,https://www.zillow.com/homedetails/6950-Santa-Teresa-C-San-Jose-CA-95119/2090290062_zpid/,Sold
"295 Martinvale Ln, San Jose, CA 95119",95119,1788000.0,Sold 04/03/2018,1972,6000.0,SINGLE_FAMILY,3500,126323.0,4,2.0,1308,37.222926,-121.784317,https://www.zillow.com/homedetails/295-Martinvale-Ln-San-Jose-CA-95119/19839483_zpid/,Sold
"6948 Burning Tree Ct, San Jose, CA 95119",95119,1000000.0,Sold 04/02/2018,1970,6098.0,SINGLE_FAMILY,3500,678740.0,3,2.0,1343,37.227001,-121.779251,https://www.zillow.com/homedetails/6948-Burning-Tree-Ct-San-Jose-CA-95119/19839877_zpid/,Sold
"6306 Camino Verde Dr, San Jose, CA 95119",95119,1275000.0,Sold 03/29/2018,1972,6181.0,SINGLE_FAMILY,3800,516671.0,4,2.0,2010,37.231502,-121.798582,https://www.zillow.com/homedetails/6306-Camino-Verde-Dr-San-Jose-CA-95119/19838655_zpid/,Sold
"6978 Dal Bon Ct, San Jose, CA 95119",95119,1120000.0,Sold 03/29/2018,1984,6800.0,SINGLE_FAMILY,3500,462069.0,4,3.0,2050,37.234291,-121.770728,https://www.zillow.com/homedetails/6978-Dal-Bon-Ct-San-Jose-CA-95119/19841504_zpid/,Sold
"6952 Howden Ct, San Jose, CA 95119",95119,1300000.0,Sold 03/27/2018,1980,9400.0,SINGLE_FAMILY,4000,408897.0,4,3.0,2368,37.234586,-121.771365,https://www.zillow.com/homedetails/6952-Howden-Ct-San-Jose-CA-95119/19841484_zpid/,Sold
"310 Beechvale Ct, San Jose, CA 95119",95119,1000000.0,Sold 03/23/2018,1972,6642.0,SINGLE_FAMILY,3500,623379.0,4,2.0,1308,37.224895,-121.788336,https://www.zillow.com/homedetails/310-Beechvale-Ct-San-Jose-CA-95119/19839332_zpid/,Sold
"195 Burning Tree Dr, San Jose, CA 95119",95119,810000.0,Sold 03/23/2018,1970,6364.0,SINGLE_FAMILY,3030,460623.0,2,2.0,1014,37.228094,-121.779571,https://www.zillow.com/homedetails/195-Burning-Tree-Dr-San-Jose-CA-95119/19839798_zpid/,Sold
"6339 Purple Hills Dr, San Jose, CA 95119",95119,1320000.0,Sold 03/10/2018,1972,6764.0,SINGLE_FAMILY,4150,924230.0,5,3.0,2682,37.23232,-121.793789,https://www.zillow.com/homedetails/6339-Purple-Hills-Dr-San-Jose-CA-95119/19838543_zpid/,Sold
"6143 Camino Verde Dr APT B, San Jose, CA 95119",95119,590000.0,Sold 03/09/2018,1980,788.0,TOWNHOUSE,2599,499800.0,2,1.5,992,37.235388,-121.801599,https://www.zillow.com/homedetails/6143-Camino-Verde-Dr-APT-B-San-Jose-CA-95119/19840111_zpid/,Sold
"254 El Portal Way, San Jose, CA 95119",95119,1185000.0,Sold 03/07/2018,1968,6007.0,SINGLE_FAMILY,3500,649079.0,3,2.0,1511,37.234161,-121.796305,https://www.zillow.com/homedetails/254-El-Portal-Way-San-Jose-CA-95119/19838743_zpid/,Sold
"6862 Aintree Dr, San Jose, CA 95119",95119,1000000.0,Sold 03/02/2018,1970,6006.0,SINGLE_FAMILY,3500,686136.0,4,2.0,1308,37.225601,-121.785557,https://www.zillow.com/homedetails/6862-Aintree-Dr-San-Jose-CA-95119/19839592_zpid/,Sold
"6151 Camino Verde Dr APT B, San Jose, CA 95119",95119,620000.0,Sold 03/01/2018,1980,818.0,TOWNHOUSE,2599,245064.0,2,2.0,992,37.235167,-121.80224,https://www.zillow.com/homedetails/6151-Camino-Verde-Dr-APT-B-San-Jose-CA-95119/19840123_zpid/,Sold
"6524 Pemba Dr, San Jose, CA 95119",95119,1030000.0,Sold 03/01/2018,1970,6638.0,SINGLE_FAMILY,3700,332874.0,4,2.0,2081,37.234215,-121.789819,https://www.zillow.com/homedetails/6524-Pemba-Dr-San-Jose-CA-95119/19839016_zpid/,Sold
"6333 Solano Dr, San Jose, CA 95119",95119,1115000.0,Sold 02/26/2018,1972,5954.0,SINGLE_FAMILY,3752,346898.0,4,2.0,2010,37.230523,-121.795397,https://www.zillow.com/homedetails/6333-Solano-Dr-San-Jose-CA-95119/19838502_zpid/,Sold
"309 Vineyard Dr, San Jose, CA 95119",95119,1100000.0,Sold 02/23/2018,1970,5667.0,SINGLE_FAMILY,3700,518557.0,4,2.0,1596,37.224479,-121.787123,https://www.zillow.com/homedetails/309-Vineyard-Dr-San-Jose-CA-95119/19839369_zpid/,Sold
"237 Castillon Way, San Jose, CA 95119",95119,1142000.0,Sold 02/16/2018,1966,6843.0,SINGLE_FAMILY,3950,744591.0,4,2.5,2337,37.236499,-121.794567,https://www.zillow.com/homedetails/237-Castillon-Way-San-Jose-CA-95119/19838890_zpid/,Sold
"6317 Island Pine Way, San Jose, CA 95119",95119,740000.0,Sold 02/16/2018,1996,1000.0,TOWNHOUSE,2995,509118.0,2,3.0,1293,37.239981,-121.796832,https://www.zillow.com/homedetails/6317-Island-Pine-Way-San-Jose-CA-95119/19841755_zpid/,Sold
"6275 Camino Verde Dr, San Jose, CA 95119",95119,1210000.0,Sold 02/12/2018,1972,6542.0,SINGLE_FAMILY,3815,87261.0,4,2.5,2124,37.232038,-121.799316,https://www.zillow.com/homedetails/6275-Camino-Verde-Dr-San-Jose-CA-95119/19837808_zpid/,Sold
"6197 Barb Werner Ln, San Jose, CA 95119",95119,780000.0,Sold 02/10/2018,1996,579.0,TOWNHOUSE,3345,666086.0,3,3.0,1318,37.240097,-121.795764,https://www.zillow.com/homedetails/6197-Barb-Werner-Ln-San-Jose-CA-95119/19841845_zpid/,Sold
"6137 San Buena Ct, San Jose, CA 95119",95119,1005000.0,Sold 02/02/2018,1966,5980.0,SINGLE_FAMILY,3500,1005000.0,3,2.0,1472,37.23614,-121.797343,https://www.zillow.com/homedetails/6137-San-Buena-Ct-San-Jose-CA-95119/19838823_zpid/,Sold
"6336 Holly Gillingham Ln, San Jose, CA 95119",95119,560000.0,Sold 01/31/2018,1996,1000.0,CONDO,2650,290045.0,2,2.0,859,37.2404,-121.796655,https://www.zillow.com/homedetails/6336-Holly-Gillingham-Ln-San-Jose-CA-95119/19841873_zpid/,Sold
"310 Bromley Cross Dr, San Jose, CA 95119",95119,965000.0,Sold 01/20/2018,1972,6000.0,SINGLE_FAMILY,3500,718258.0,4,2.0,1600,37.222646,-121.784649,https://www.zillow.com/homedetails/310-Bromley-Cross-Dr-San-Jose-CA-95119/19839453_zpid/,Sold
"168 Sunwood Meadows Pl, San Jose, CA 95119",95119,605000.0,Sold 01/16/2018,1985,1200.0,CONDO,2660,387040.0,2,2.0,920,37.228136,-121.773642,https://www.zillow.com/homedetails/168-Sunwood-Meadows-Pl-San-Jose-CA-95119/19841596_zpid/,Sold
"343 Manila Dr, San Jose, CA 95119",95119,975000.0,Sold 12/28/2017,1970,8664.0,SINGLE_FAMILY,3600,975000.0,4,2.0,1408,37.226698,-121.795532,https://www.zillow.com/homedetails/343-Manila-Dr-San-Jose-CA-95119/19838092_zpid/,Sold
"6349 Purple Hills Dr, San Jose, CA 95119",95119,1060000.0,Sold 12/27/2017,1972,5998.0,SINGLE_FAMILY,3780,1060000.0,4,3.0,2124,37.232139,-121.793792,https://www.zillow.com/homedetails/6349-Purple-Hills-Dr-San-Jose-CA-95119/19838544_zpid/,Sold
"6573 Prague Ct, San Jose, CA 95119",95119,900000.0,Sold 12/27/2017,1974,7000.0,SINGLE_FAMILY,3700,900000.0,4,3.0,2256,37.228743,-121.790228,https://www.zillow.com/homedetails/6573-Prague-Ct-San-Jose-CA-95119/19839239_zpid/,Sold
"7019 Heaton Moor Dr, San Jose, CA 95119",95119,1298888.0,Sold 12/20/2017,1972,6028.0,SINGLE_FAMILY,3000,610000.0,4,3.0,1865,37.22134,-121.784905,https://www.zillow.com/homedetails/7019-Heaton-Moor-Dr-San-Jose-CA-95119/19839434_zpid/,Sold
"6798 Moselle Dr, San Jose, CA 95119",95119,980000.0,Sold 12/20/2017,1970,6000.0,SINGLE_FAMILY,3700,980000.0,4,2.0,1791,37.227987,-121.783724,https://www.zillow.com/homedetails/6798-Moselle-Dr-San-Jose-CA-95119/19839617_zpid/,Sold
"6679 Cielito Way, San Jose, CA 95119",95119,1050000.0,Sold 12/19/2017,1972,5998.0,SINGLE_FAMILY,3700,1050000.0,4,2.0,1843,37.230847,-121.786405,https://www.zillow.com/homedetails/6679-Cielito-Way-San-Jose-CA-95119/19839134_zpid/,Sold
"6510 Kona Ct, San Jose, CA 95119",95119,900000.0,Sold 12/15/2017,1970,5998.0,SINGLE_FAMILY,3500,900000.0,4,2.0,1408,37.233684,-121.790922,https://www.zillow.com/homedetails/6510-Kona-Ct-San-Jose-CA-95119/19839058_zpid/,Sold
"6950 Sessions Dr, San Jose, CA 95119",95119,128000.0,Sold 12/15/2017,1980,6050.0,SINGLE_FAMILY,3700,736053.0,4,2.0,1824,37.235932,-121.770566,https://www.zillow.com/homedetails/6950-Sessions-Dr-San-Jose-CA-95119/19841403_zpid/,Sold
"6957 Del Rio Dr, San Jose, CA 95119",95119,1015000.0,Sold 12/15/2017,1970,6050.0,SINGLE_FAMILY,3500,1015000.0,4,3.0,1930,37.225625,-121.78102,https://www.zillow.com/homedetails/6957-Del-Rio-Dr-San-Jose-CA-95119/19840053_zpid/,Sold
"6443 San Ignacio Ave, San Jose, CA 95119",95119,1039000.0,Sold 12/13/2017,1972,5998.0,SINGLE_FAMILY,3750,1038000.0,4,3.0,2124,37.232422,-121.788612,https://www.zillow.com/homedetails/6443-San-Ignacio-Ave-San-Jose-CA-95119/19839069_zpid/,Sold
"220 Pinot Ct, San Jose, CA 95119",95119,983000.0,Sold 12/06/2017,1969,7004.0,SINGLE_FAMILY,3700,983000.0,4,2.0,1575,37.228389,-121.782965,https://www.zillow.com/homedetails/220-Pinot-Ct-San-Jose-CA-95119/19839727_zpid/,Sold
"6344 Solano Dr, San Jose, CA 95119",95119,1000000.0,Sold 12/01/2017,1972,6000.0,SINGLE_FAMILY,3700,1000000.0,4,2.0,2010,37.230968,-121.794349,https://www.zillow.com/homedetails/6344-Solano-Dr-San-Jose-CA-95119/19838507_zpid/,Sold
"214 Cheryl Beck Ct, San Jose, CA 95119",95119,1135000.0,Sold 11/27/2017,1996,3998.0,SINGLE_FAMILY,3660,1135000.0,3,2.5,1497,37.238938,-121.79779,https://www.zillow.com/homedetails/214-Cheryl-Beck-Ct-San-Jose-CA-95119/19841717_zpid/,Sold
"6945 Del Rio Dr, San Jose, CA 95119",95119,795000.0,Sold 11/27/2017,1970,5998.0,SINGLE_FAMILY,2950,795000.0,2,1.0,1047,37.225886,-121.78129,https://www.zillow.com/homedetails/6945-Del-Rio-Dr-San-Jose-CA-95119/19840051_zpid/,Sold
"281 Bromley Cross Dr, San Jose, CA 95119",95119,685000.0,Sold 11/21/2017,1970,5998.0,SINGLE_FAMILY,2675,685000.0,2,1.0,816,37.224475,-121.785472,https://www.zillow.com/homedetails/281-Bromley-Cross-Dr-San-Jose-CA-95119/19839508_zpid/,Sold
"6572 Catamaran St, San Jose, CA 95119",95119,950000.0,Sold 11/17/2017,1970,6019.0,SINGLE_FAMILY,3650,950000.0,4,2.0,1601,37.232255,-121.79065,https://www.zillow.com/homedetails/6572-Catamaran-St-San-Jose-CA-95119/19838990_zpid/,Sold
"6333 Holly Gillingham Ln, San Jose, CA 95119",95119,556500.0,Sold 11/14/2017,1996,1001.0,CONDO,2695,556500.0,2,2.0,859,37.240482,-121.796846,https://www.zillow.com/homedetails/6333-Holly-Gillingham-Ln-San-Jose-CA-95119/19841880_zpid/,Sold
"120 Bernal Rd, San Jose, CA 95119",95119,666500.0,Sold 11/10/2017,1970,4878.0,SINGLE_FAMILY,2700,666400.0,2,2.0,960,37.230351,-121.773242,https://www.zillow.com/homedetails/120-Bernal-Rd-San-Jose-CA-95119/19841060_zpid/,Sold
"6598 Prague Ct, San Jose, CA 95119",95119,980000.0,Sold 11/06/2017,1974,6298.0,SINGLE_FAMILY,3700,979900.0,4,2.0,1791,37.228137,-121.789962,https://www.zillow.com/homedetails/6598-Prague-Ct-San-Jose-CA-95119/19839243_zpid/,Sold
"166 Sunwood Meadows Pl, San Jose, CA 95119",95119,570000.0,Sold 11/03/2017,1985,1200.0,CONDO,2660,570000.0,2,2.0,920,37.228199,-121.773512,https://www.zillow.com/homedetails/166-Sunwood-Meadows-Pl-San-Jose-CA-95119/19841592_zpid/,Sold
"6577 Korhummel Way, San Jose, CA 95119",95119,265000.0,Sold 10/31/2017,1970,6000.0,SINGLE_FAMILY,3600,786677.0,4,2.0,1408,37.228282,-121.793845,https://www.zillow.com/homedetails/6577-Korhummel-Way-San-Jose-CA-95119/19838232_zpid/,Sold
"284 Curie Dr, San Jose, CA 95119",95119,1100000.0,Sold 10/27/2017,1972,6873.0,SINGLE_FAMILY,3600,1100000.0,3,2.0,1512,37.227194,-121.793516,https://www.zillow.com/homedetails/284-Curie-Dr-San-Jose-CA-95119/19838147_zpid/,Sold
"280 Dondero Way, San Jose, CA 95119",95119,900000.0,Sold 10/27/2017,1970,6000.0,SINGLE_FAMILY,3400,900000.0,3,2.0,1158,37.232678,-121.796407,https://www.zillow.com/homedetails/280-Dondero-Way-San-Jose-CA-95119/19838611_zpid/,Sold
"263 Dondero Way, San Jose, CA 95119",95119,995000.0,Sold 10/27/2017,1970,5998.0,SINGLE_FAMILY,3697,995000.0,4,3.5,2502,37.233116,-121.794707,https://www.zillow.com/homedetails/263-Dondero-Way-San-Jose-CA-95119/19838671_zpid/,Sold
"6408 Rizal Ct, San Jose, CA 95119",95119,985000.0,Sold 10/27/2017,1970,6011.0,SINGLE_FAMILY,3780,985000.0,4,2.0,1623,37.228981,-121.80159,https://www.zillow.com/homedetails/6408-Rizal-Ct-San-Jose-CA-95119/19838039_zpid/,Sold
"206 Martinvale Ln, San Jose, CA 95119",95119,840000.0,Sold 10/23/2017,1970,5998.0,SINGLE_FAMILY,3500,840000.0,3,2.0,1300,37.22834,-121.780561,https://www.zillow.com/homedetails/206-Martinvale-Ln-San-Jose-CA-95119/19839824_zpid/,Sold
"Pegasus Ct, San Jose, CA 95119",95119,325000.0,Sold 10/20/2017,1900,20262.0,LOT,2950,325000.0,,,,37.227454,-121.758225,https://www.zillow.com/homedetails/Pegasus-Ct-San-Jose-CA-95119/19840166_zpid/,Sold
"6393 Nueva Dr, San Jose, CA 95119",95119,1103000.0,Sold 10/18/2017,1972,6098.0,SINGLE_FAMILY,3800,1103000.0,4,2.0,2010,37.230204,-121.796922,https://www.zillow.com/homedetails/6393-Nueva-Dr-San-Jose-CA-95119/19838641_zpid/,Sold
"6261 Ceanothus Ln, San Jose, CA 95119",95119,780000.0,Sold 10/16/2017,1996,1000.0,CONDO,3345,780000.0,3,3.0,1318,37.24027,-121.796361,https://www.zillow.com/homedetails/6261-Ceanothus-Ln-San-Jose-CA-95119/19841861_zpid/,Sold
"6132 Thicket Way, San Jose, CA 95119",95119,770000.0,Sold 10/04/2017,1996,1001.0,TOWNHOUSE,3345,770000.0,3,3.0,1318,37.240145,-121.794872,https://www.zillow.com/homedetails/6132-Thicket-Way-San-Jose-CA-95119/19841821_zpid/,Sold
"6481 Sulu Ct, San Jose, CA 95119",95119,810000.0,Sold 09/27/2017,1968,6499.0,SINGLE_FAMILY,2950,810000.0,2,2.0,1076,37.227254,-121.798426,https://www.zillow.com/homedetails/6481-Sulu-Ct-San-Jose-CA-95119/19838113_zpid/,Sold
"6204 Ginashell Cir, San Jose, CA 95119",95119,1090000.0,Sold 09/26/2017,1996,3998.0,SINGLE_FAMILY,3900,1090000.0,4,3.0,2039,37.238827,-121.796465,https://www.zillow.com/homedetails/6204-Ginashell-Cir-San-Jose-CA-95119/19841705_zpid/,Sold
"259 Vineyard Dr, San Jose, CA 95119",95119,799250.0,Sold 09/22/2017,1970,6495.0,SINGLE_FAMILY,3500,799275.0,4,2.0,1308,37.227306,-121.786861,https://www.zillow.com/homedetails/259-Vineyard-Dr-San-Jose-CA-95119/19839211_zpid/,Sold
"6483 Purple Hills Dr, San Jose, CA 95119",95119,850000.0,Sold 09/18/2017,1972,5998.0,SINGLE_FAMILY,3700,850000.0,4,2.5,2124,37.230394,-121.793805,https://www.zillow.com/homedetails/6483-Purple-Hills-Dr-San-Jose-CA-95119/19838485_zpid/,Sold
"239 Moselle Ct, San Jose, CA 95119",95119,865000.0,Sold 09/15/2017,1970,5998.0,SINGLE_FAMILY,3500,865000.0,4,2.0,1308,37.227942,-121.785411,https://www.zillow.com/homedetails/239-Moselle-Ct-San-Jose-CA-95119/19839690_zpid/,Sold
"205 Sherry Ct, San Jose, CA 95119",95119,835000.0,Sold 09/13/2017,1969,6500.0,SINGLE_FAMILY,3600,835000.0,4,3.5,1631,37.230014,-121.78344,https://www.zillow.com/homedetails/205-Sherry-Ct-San-Jose-CA-95119/19839759_zpid/,Sold
"6990 El Marcero Ct, San Jose, CA 95119",95119,840000.0,Sold 09/11/2017,1970,6499.0,SINGLE_FAMILY,3300,840000.0,3,2.0,1326,37.222941,-121.782945,https://www.zillow.com/homedetails/6990-El-Marcero-Ct-San-Jose-CA-95119/19840009_zpid/,Sold
"187 Cheryl Beck Dr, San Jose, CA 95119",95119,930000.0,Sold 09/01/2017,1996,3998.0,SINGLE_FAMILY,3500,930000.0,3,2.5,1497,37.239333,-121.797084,https://www.zillow.com/homedetails/187-Cheryl-Beck-Dr-San-Jose-CA-95119/19841710_zpid/,Sold
"6228 Tibouchina Ln, San Jose, CA 95119",95119,731000.0,Sold 08/31/2017,1996,1000.0,CONDO,3345,731000.0,3,3.0,1318,37.239771,-121.795929,https://www.zillow.com/homedetails/6228-Tibouchina-Ln-San-Jose-CA-95119/19841773_zpid/,Sold
"6543 San Anselmo Way, San Jose, CA 95119",95119,983500.0,Sold 08/25/2017,1973,6500.0,SINGLE_FAMILY,3500,983500.0,4,2.0,2080,37.229826,-121.792807,https://www.zillow.com/homedetails/6543-San-Anselmo-Way-San-Jose-CA-95119/19838384_zpid/,Sold
